Lootmaster,3
Wrench,4
Newman,1
Pickle rick,1
Shotsnochasers,1
Chiefrome,1
LadyJaye,1
arkspark,1
Natalee,2
Snipe_R9,2
Bullets,2
Ggb,2
RaeRob,2
Serenity,3
mijman13,3
ArkySparky,2
Cav221,2
Clutch,2
Fallen Soul,2
FurryMommy,2
Goldy1123,2
JTheMadScientist,2
Kemmet,2
Kyxxer,2
Mbrxdley,2
Sami,2
The-diesel-bot08,2
Maccers,3
GAUGE,4
Rooster,4
Titch,4
Beagle-bear,3
Fatwillie,3
Static,3
bubblezz,3
Burntfrank,3
Chips93,3
CiViCtuNer,3
DoctorDragon99,3
Eddyblaze007,3
Emma P,3
Irisoda,3
Jboog,3
JDW,3
kicker_knr10,3
legendMARY,3
Mandy,3
MoBreee,3
MrStylish,3
PlatanoAce,3
TheDrifter212,3
TTK-Mr-Stylish,3
Twpbaby,3
Jballz,4
TayTheGoat,4
Quelinda,4
Rainman,4
Vinny,4
Whodat,4
Jnel,4
Jennafer,4
Amish,4
DarkWolfe,4
Daspoon420,4
Deadshot,4
DSGDADDEE,4
Eatpoptarts,4
Game,4
GawdDAMMit,4
Johnwick,4
Koala,4
Kryyos,4
Nedshneebley,4
qonox,4
slayEM,4
Sniper Avenger,4
TDF10,4
ToadSage,4
Zivynth,4
Smoky,6
Bio,6
SCH00TER_10,5
Twans,5
Getty,5
Rednut,6
J-Doba,7
Herybusa,5
TheViking,5
Ashesina,5
Sinner,5
Redrose,5
Buffnboujee,5
Matt,5
Fallen Angel,5
Getbusydizzy,5
Aero,5
Bopper,5
Brothermatt,5
CanasianKT,5
DJSkillzMusic,5
Dr Ben,5
DrMimka,5
El Jefe dT,5
FurryDaddy,5
HaleyQuinn,5
Hollywood,5
Kizzle,5
LadyTsuname,5
LIGMAhamsulin,5
Marty Mcfly,5
Miamijc,5
Mount,5
Peterpopoff,5
Primal,5
shortyclarissa,5
Tatshley,5
Texasrebal24,5
TigerPapaOG,5
TyFxrd,5
xgrizzo,5
XxpanjeaxX,5
Zag,5
xTract_Ed,6
Bastv_,6
Topkilla,7
Djdiamondttv,6
Steph,6
Basically Yeah,6
Intenxx,6
Penguin,6
Smok3,6
Divid,6
Qsauce,7
IcyDanii,6
Scatman,6
Deathbyj,6
Pipes,6
Ashh_tasticc,6
Bambixo,6
Benzai,6
Brittxxny,6
Col3Train,6
Daddy,6
DaniiiWaniii,6
deitervoncuthy,6
Disbo,6
Eeviex,6
FILTHY UNIKORN,6
KillaT,6
Maiden,6
MarcTheSpark,6
MizzWhisky,6
Moyke,6
MrExquiisiite,6
narmboy,6
NooB,6
Padison,6
Peyak,6
Queen Suzii,6
Sandchez,6
Tagin,6
Venus Nemesis,6
WestJoe,6
OneGirlArmy,6
Remake,7
Popeye,7
Reen,8
Billy_The_Kid33,9
Roulette,7
Landor,7
Walter,7
Vernie,7
Locketts,7
Louise,7
Macattack,7
Professor,7
Beastbruh,7
BigGulps_ehh,7
Burgessfam2013,7
CupC4ke,7
Deception,7
Filthy_Freddie,7
Flip5ideGaming,7
gtsimen00,7
Hannah,7
KaitlynSmiles,7
KingBennii,7
LishaMac,7
MidBoyGaming,7
Nenit0,7
Outlaw,7
Plug,7
Saif,7
Smeers,7
Unique,7
Wourg,7
Kodiene,7
Biigmoose,7
Cjcama,8
Wazzhead,7
DaniLOL,9
Kyleonscuf,9
Doughboy,15
BaddiesOnly,8
SlimConnor,8
Bre,8
ImpooosterRooster,8
MOSMOOV,8
Wicked Lady,8
Spritegod9,8
Incelscolidettv,8
tforms,8
Village,7
Tane,8
Ceehads,8
Askim,8
Biggles,8
C11Hitsquad,8
Excusezzx,8
Extinct,8
Frost,8
Glob,8
Juicyfruit742,8
KiingSolo,8
Ladiesman0895,8
MINUTEMAN,8
Radvi,8
Rep2k,8
RonSky24,8
Russell,8
Saifullah,8
Six,8
Spymoocow,8
Stoneey,8
SuperJ,8
teezy13,8
TheRealLooney,8
TOXSM,8
Varofied,8
WhatsTheParlay,8
Xjmacx,8
YoSleeze,8
Zapattk,8
Zeechie,8
zSeas,8
Couffi,8
DaleHolliday,8
Miss Sile,8
sinwithagrin,8
JDot,8
Cujo,9
Jacq,10
Happy,9
Zach36,9
Quite,9
Beanbagg,9
Cj,9
Sully,9
HandsomeThanos,9
xBurner2k,9
Manda,9
Disclaimer,9
Finessin,9
Swirv,9
Wasser,9
AlienPotPrincess,9
Axlerod745,9
DzzNice,9
GamingGandhi,9
GeekinFPS,9
iiAmPanda94,9
Kala,9
Killerbre,9
Pain,9
RanduhmzZ,9
Redd,9
Rogue_JV,9
Shoots,9
Shreked,9
Silence,9
Simage,9
Sirkingjoiner,9
Slayer6564,9
Soto_Ramyuu,9
Stevie,9
Strike,9
Syphillis,9
tezzy2x,9
TSF Teezy,9
Unc Heady,9
WhyYouSweaty,9
Wizz,9
Zeldris,9
Whimsy,9
Golbin,9
Blondii,9
Dallas,9
Brad,9
PINKY,9
Xben,10
Jo3yMate,10
Smevy_,10
GreyWZ,10
Refined Alien,10
Smurf,11
Zeek,11
LeoSnipez,10
MarkPrevails,10
RilloGG,10
Killagirlxox,10
Franno,10
Fredfrags,10
JxC,10
Cbarr,10
AD23,10
AwkwardMorning,10
babyali,10
Battletanx,10
Berto,10
Buzzsaw,10
Colliena,10
Comets,10
Cosnah,10
Denice,10
Drzfinest,10
EuWestGiirl,10
Ghostco,10
Gruff,10
Homeschool,10
Invictum,10
itzkellyo,10
Jpizzle,10
Julia,10
killswitch ,10
Lusho,10
Paranoid,10
Purpose,10
RoyalClutch,10
Shady,10
ShawnJ,10
SimplyHit,10
Stink,10
Taemoney,10
Taylo,10
Tezzy13,10
TheRealDaddyZ,10
TJ,10
ToxRNG,10
Truly,10
Tyyque,10
ViperKing,10
WhitneyGG,10
zHotsauce,10
zodiac,10
Ghost,10
Blessed,10
Dizzle,10
GusGus,10
Ntrizil,10
K9,11
Radderthanyou,11
Sudz,11
Shesrage,11
CreoleKid,11
LaZerrr,11
Dead,11
Cryptic,11
Advxrsary,11
DjSice,11
HaxTeller,11
Cowboy,11
Awoba,11
AyGeezy,11
BigStu,11
ByeFelicia,11
Ellelie_,11
FlawsSZN,11
Freshdonutz,11
Fuzeon3r,11
Gorilla,11
Harold,11
Indo,11
Its_Smitty,11
J Kihn FTW,11
Kayteaa,11
Kelsxx,11
Krypto_FPS,11
Mond,11
Nelly,11
Re1ays,11
SGT SINN,11
SoLo,11
Splitx,11
Stallion,11
Stephie,11
Stickxz,11
Sydnrho,11
Thekidtristan,11
Powers,12
Stauf,12
Speirs,13
Nojo,12
Cuddle,12
Huttzman,12
MajorMag,12
Robo,12
Declan,12
Puddle,12
Parz,12
Vibez,14
Dr Cologne,12
Emzie,12
iCaptain,12
Breezy,12
Aiden,12
Alfiekara,12
Alpal,12
AshleighSR,12
BlasTicity,12
Blue Skiezzz,12
Burnzy,12
Cinaroar,12
CognitiveGHOST,12
Dracojuiced,12
dsav (eu),12
eh Rage,12
Erricita,12
GabaGhoul,12
Glencoco,12
Glora,12
GooNzY,12
Heated,12
iPurp,12
Jbeamz,12
JCDemi,12
Johnnyfrys,12
Jupey,12
JusttQuad,12
Kaays,12
Keen,12
Labz,12
Lucked_Out,12
Marty,12
Mikey,12
Tommhamm,12
MissCharr,12
NOREMAC,12
Pushat,12
ramz,12
Razon,12
razorr,12
Ricco,12
S1LVAS,12
Slosh,12
SoLo,12
Taraized,12
TopNach,12
TrippyDrip,12
Tubbs,12
Vroksanaa,12
XGamRPrincessX,12
Zack OG,12
BigDawgMorro,12
Alo,12
Shreky,13
ItsMeDeek,13
Fury,13
InFullSync,13
Jacooby,13
Reaper,13
Abbie,13
Danii,13
Babyshlime,13
Bxmboclaat,13
Wavykid,13
Eddie,13
Zig,13
Heartlesstv,13
Baran,13
Conor_En,13
Wallyg,13
21karisma_,13
8ubba,13
AdaptBeats,13
Alanna,13
AMAZDAN,13
AyyScar,13
Beams,13
BerlynnKae,13
BiggzAce,13
Bmez,13
BossBish,13
Botter,13
Brett,13
cdubroc,13
Claudis0_0,13
Clutchy,13
Dania,13
Daya,13
FeliciaHeijin,13
FFergo,13
Frxz,13
Greazy,13
HaleyFlix,13
Hamz,13
Heulwen,13
Hx2,13
ImSnz,13
Jasmin,13
Jess,13
Jswerve,13
Kat Nasty,13
Kio,13
Koby,13
Kryptics,13
Kxlts,13
Lil,13
MrChilli,13
Naks,13
Pac,13
Peppa,13
Pinku,13
Rin1,13
Sage710,13
Sneak,13
Spiice,13
SQURLZ,13
Stockzz,13
Sweethoover,13
Swiftly,13
ThursdayKoky,13
Widow,13
Acadia,13
farquaad,13
CullenB,13
Kody,13
D-VA,13
Tblightningnick,13
Dj_Wild_Wes,14
Andadrian,14
xciter,14
sttriz,14
Papaclap,14
Kaiwen,14
SCAVVV,14
Bear,14
Curtis,14
Swiphey,14
itsPNG,14
Nitrous,14
Dyl,14
Trymp,14
OhItsKiara,14
Royal,14
Aki,14
Mindfreak,14
Aracibo,14
Bakezy,14
Bernadette,14
Bigjake,14
Blazey,14
Capsule1k,14
D1Will,14
Darer,14
Dee Modifier,14
Dehcieve,14
DerevniaINC,14
Doctor Renegade,14
El Sucio,14
Eqlame,14
frostyz,14
Igloo,14
ItsKnightmaree,14
ItsPizz,14
jm,14
Knape,14
Laceddd,14
MarkiV,14
Misrates,14
Miyagi,14
MSC,14
Mwlkzy,14
NatalieInez,14
Nicole,14
NoobyNooby,14
oCORBNo,14
OwennVI,14
Pavidsito,14
Rav,14
Ryhisa,14
SirChainy,14
SkyMully,14
SlyyDoom,14
SOF,14
Spitz,14
Sundown,14
TDawg,14
Tnk,14
Trixx,14
TTIZAC,14
Void,14
Xyn,14
Traumatize,14
AJordy,14
Vision,14
MoMerkz,14
Gibby,14
Bonzo,14
RejectWZ,14
Zbraxton,14
SmokinDeadOpps,15
Birdie,15
Savage,15
TrashGuy,14
Donut,15
Lauds,15
Manny22,15
Eardo,15
Kash,14
isellpants,15
CareBearKarli,15
BrdBury,15
Corrections,15
Yetifie,15
2janky,15
Apezz,15
Assassin,15
Blue the otter,15
Bourne,15
Caner,15
Chlochy,15
Couli,15
Daevon,15
DarkFPS,15
Devasaurus,15
Faytal,15
Hank,15
Hillsy,15
Hotdog,15
Japex,15
JayDub,15
Kraze,15
lizarrdd,15
LJtoodeep,15
Martiii,15
Mordex,15
PaniiR,15
Peachy,15
race,15
RitualBZ,15
Sal,15
Scrm,15
SerenityOT,15
six1,15
Teedie,15
Toneveg,15
uhKenz,15
Viperz,15
Will,15
Yamum,15
ZuuT,15
,15
Cheesy,15
Beny,15
Carlile,15
DReese,15
stevowalle,15
Ryze,15
Cito,16
Marsh,18
xmastkiller,16
Yucix,16
Magic,16
DD7,16
Smurkk ,16
Drek,16
Prime,16
Hovakitz,16
Asmodeuswc,16
BigFern,16
Burd,16
Chip,16
ChippyEu,16
dame1z,16
GoatDJ,16
Hercsy,16
Hojacks,16
Holli,16
Hxsh,16
Insured Frames,16
Jacka,16
JaySuave,16
Kai,16
Kayydrews,16
Keatn,16
Kishenramax,16
Kriissko,16
Kxng XVL,16
LBenjani,16
Mascio,16
MicahVsWrld,16
Nab,16
Nitro,16
notBlazt,16
RaGz SaCriFiCe,16
Retro,16
Roman Reigns,16
Scqqps,16
Scum,16
Sky,16
Thorium,16
Tiiovo,16
ViewAspect,16
Yeoo,16
zKryptic,16
Zeus,16
Ohverth,16
RisingCrimson,16
LuposHere,17
Smixie,17
ACTUAL,17
BestHooper,17
BillyBeamz,17
Boba Snore,17
bStash,17
Chapo,17
Cronicult,17
Cw,17
DeliKadir,17
Deshi,17
Devault,17
G1NGER,17
GMON3Y11,17
HZY,17
iDraxz,17
Jumby,17
JustTia,17
Madi,17
MARKSMANNY,17
MJ,17
NEXXTYME,17
NicoBallin,17
Nukah,17
Nukezywz,17
Pepii,17
Pluto,17
Rampage,17
Reapzr,17
Retired,17
Rxmpage,17
Slat,17
SteeeztyMac,17
Stokkton,17
Urgxnty,17
Vexify,17
Vezzy,17
Vicious,17
Weecal,17
zDavs,17
Rayckones,17
deplete,17
KYO,17
ragequit,17
JonnyTBE,18
Jiggly,18
Nxvy,18
iAbyss,18
xaton,18
1mpactZ,18
F3azar,18
Thompson,18
Coldblooded,18
BashM,18
Bounce,18
ChoZen,18
Cozetsu,18
Dez,18
DHoldennn,18
DxyneFps,18
Earth,18
FrigginDeadly,18
Goldy,18
Hitta,18
isoully,18
ItsOrbzy,18
Jdashz,18
Kuzza,18
Laughy,18
Lithium,18
Lowza,18
Magenta,18
Mortalityxo,18
NXCSE,18
Rezz,18
Sinnergp,18
Starbrook,18
StevieT,18
Swipe,18
ttvwhitee,18
Zorroo,18
Dogor,18
Rybug,18
NervousRay,18
Adore,18
Savvy,19
TonyWhite,19
ItsAstrix,19
Worfy,19
Rigs,19
Snowwy,19
andrew,19
AquaManOfCod,19
Bandz,19
Danny_Gunz,19
DejhanTD,19
DmzR,19
Doewy,19
DonnTonyy,19
dsavvv,19
Dubbs4,19
Joked,19
Joker,19
kktheburger,19
KrisPbacon2,19
Kusch,19
MaximAtifi,19
Mike,19
OPsiris,19
Pom,19
RetiredGG,19
reverrb,19
Sektor,19
Serv,19
Steel,19
wiintrs,19
YankzzTV,19
Zohan,19
Zonked,19
ZubaX,19
MrScan,19
Angelembs,19
Bobby,19
Slayerseu,19
mnavo,20
Woods,19
Alek,20
xFresh,20
Txco,20
Davisco,20
Advxersity,20
Becnel,20
BrentDW,20
caspvr,20
ChimpyEU,20
Corazite,20
Creedy,20
CXRTER,20
Dregzzi,20
espyy99,20
Evasive,20
FeelDrifts,20
Gaboterio,20
Gars,20
GetPicked,20
Hpot,20
Inaccurat3,20
Kane,20
KunjTV,20
Levi,20
magicz_x,20
Nadia,20
Nath,20
PapiPwnerr,20
PinkTurtle,20
RcSwaggy,20
ripper,20
Shmokey,20
SinexX,20
Splyce,20
Squealie,20
Tomo,20
Vel0cityz,20
Wayne,20
AcceptWZ,20
Keon,20
Femxr,20
Getusum,21
SloppyJoe22,21
IllDillTV,21
Jonnybro,21
6junior,21
AaronIsToxic,21
Alekzanderr,21
angel42,21
Anjuju,21
Benzi,21
Brazil,21
Caudwell,21
Chilly,21
Cloneszn,21
Cole,21
Dezmond,21
DrMans,21
Ferkull,21
GD,21
GustavDn,21
HaddzyJR,21
JonIsLegend,21
M3A16,21
Millsy,21
MykeCS,21
Phenny,21
Pink,21
RawXC,21
Rayskis,21
RipperFPS,21
Robbeezzyy,21
Rolo,21
Seventies,21
Sleeper,21
Sscrutinyy,21
TestyFPS,21
TheTurtle,21
TrickzyVibez,21
zAlexTv,21
Zino,21
Fanaticc,21
TurboTy,21
EUGhost,21
itztwo,22
Merc,22
Primedd,22
Boomkid,22
Charlieskinner,22
BeardedWonder,22
Bronana,22
Chrisean,22
Dad,22
Daleerius,22
DDOXN,22
DestrucT,22
Ebatez,22
Hixers,22
iChew,22
iQkaiju,22
K3nata,22
KIREVAD,22
Lenzo,22
Lightwz,22
Nuk3zz_,22
Psych,22
RS ITz Ghost,22
Sitrehp,22
Slim,22
SmolZiLa,22
Sour,22
stoney,22
TajWZ,22
Tyy,22
AidaN,22
Falnets,22
meexsy,22
Gum,23
Omeqa,23
Echo,23
BenOG,23
Braalik,23
Mop,23
ADZ,23
BubbleCT,23
Ceeboney,23
Cloze,23
Cythe,23
DougIsRaw,23
Grev,23
Gvnzy,23
Jeevan,23
JulyySZN,23
Kalon,23
Liam,23
Locksteel,23
Luvey,23
MayhemSZN,23
Nafen,23
Porky,23
SlideHD,23
Toren,23
Rvphix,23
Unlucky Ham,23
Jamoneed,23
kckwaz,24
Ant,24
Aran,24
BLITZi,24
Dehfy,24
Devo,24
E700,24
Fatboidon,24
fijii,24
IcyScopes,24
Ju1ceszn,24
NYFullz,24
Russo,24
Sherro,24
Sneely,24
TBERudy,24
Tea,24
XlSunny,24
yuhlegit,24
Zurt,24
Bacon,25
Newbz,25
Dark,25
Jackal,25
PicNic,25
Prospect,25
Enxiun,26
Zsmit,26
Trik,27
Dongy,27
Riv3 Fedee,27
Scummn,27
